language,t,macro_f1
arb,0.02,0.8315782282453598
eng,0.23,0.8117145546144051
pol,0.9600000000000001,0.8254316096124006
rus,0.12,0.7912583764231225
spa,0.47000000000000003,0.7715418475018085
zho,0.8300000000000001,0.8948000644090156
