language,w_mono,w_multi,t,macro_f1
pol,0.55,0.44999999999999996,0.42000000000000004,0.8368290815298431
rus,0.7000000000000001,0.29999999999999993,0.48000000000000004,0.8008678716643318
spa,0.65,0.35,0.46,0.7836294256472942
zho,0.5,0.5,0.74,0.9000957682503459
