language,w_mono,w_multi,t,macro_f1
eng,0.8,0.19999999999999996,0.72,0.8204404736857924
