language,w_mono,w_multi,t_political,t_racial/ethnic,t_religious,t_gender/sexual,t_other,macro_f1
arb,0.75,0.25,0.43,0.44,0.47000000000000003,0.39,0.38,0.6751780818927064
pol,0.7000000000000001,0.29999999999999993,0.42000000000000004,0.22,0.47000000000000003,0.39,0.39,0.6306361774672393
rus,0.6000000000000001,0.3999999999999999,0.61,0.31,0.37,0.4,0.34,0.6203533364766752
spa,0.6000000000000001,0.3999999999999999,0.49,0.46,0.46,0.44,0.46,0.6784687067631557
