language,t_stereotype,t_vilification,t_dehumanization,t_extreme_language,t_lack_of_empathy,t_invalidation,macro_f1
arb,0.55,0.41000000000000003,0.38,0.51,0.44,0.48000000000000004,0.6394047805945279
eng,0.45,0.49,0.49,0.42000000000000004,0.47000000000000003,0.43,0.5276003421833649
spa,0.5,0.46,0.41000000000000003,0.43,0.42000000000000004,0.54,0.5256535861957888
zho,0.5,0.4,0.48000000000000004,0.33,0.32,0.4,0.638269281942124
