language,w_mono,w_multi,t_stereotype,t_vilification,t_dehumanization,t_extreme_language,t_lack_of_empathy,t_invalidation,macro_f1
eng,0.9,0.09999999999999998,0.52,0.51,0.48000000000000004,0.47000000000000003,0.44,0.46,0.5344644038076437
spa,0.6000000000000001,0.3999999999999999,0.48000000000000004,0.45,0.37,0.47000000000000003,0.4,0.49,0.5470969711071811
zho,0.4,0.6,0.48000000000000004,0.43,0.31,0.45,0.42000000000000004,0.38,0.6590944329236671
