language,t_political,t_racial/ethnic,t_religious,t_gender/sexual,t_other,macro_f1
arb,0.47000000000000003,0.5,0.45,0.46,0.43,0.663418201114121
eng,0.41000000000000003,0.31,0.5,0.31,0.35000000000000003,0.49115152405180024
spa,0.54,0.54,0.47000000000000003,0.5,0.5,0.6466428941848001
zho,0.27,0.54,0.42000000000000004,0.48000000000000004,0.3,0.799914168844256
