language,w_mono,w_multi,t_political,t_racial/ethnic,t_religious,t_gender/sexual,t_other,macro_f1
zho,0.7000000000000001,0.29999999999999993,0.34,0.56,0.36000000000000004,0.48000000000000004,0.34,0.8060559084949329
